<?xml version="1.0" encoding="UTF-8" ?>
<!DOCTYPE mapper PUBLIC "-//mybatis.org//DTD Mapper 3.0//EN" "http://mybatis.org/dtd/mybatis-3-mapper.dtd">
<mapper namespace="com.thinkgem.jeesite.modules.sys.dao.BillcoderDao">
    
	<sql id="billcoderColumns">
		a.id AS "id",
		a.no AS "no",
		a.name AS "name",
		a.expression AS "expression",
		a.isunique AS "isunique",
		a.last_flow_date AS "lastFlowDate",
		a.increassment AS "increassment",
		a.current_flow_no AS "currentFlowNo",
		a.create_by AS "createBy.id",
		a.create_date AS "createDate",
		a.update_by AS "updateBy.id",
		a.update_date AS "updateDate",
		a.remarks AS "remarks",
		a.del_flag AS "delFlag",
		u9.name AS "createBy.name",
		u11.name AS "updateBy.name"
	</sql>
	
	<sql id="billcoderJoins">
		LEFT JOIN sys_user u9 ON u9.id = a.create_by
		LEFT JOIN sys_user u11 ON u11.id = a.update_by
	</sql>
    
	<select id="get" resultType="Billcoder">
		SELECT 
			<include refid="billcoderColumns"/>
		FROM sys_billcoder a
		<include refid="billcoderJoins"/>
		WHERE a.id = #{id}
	</select>
	
	<select id="findList" resultType="Billcoder">
		SELECT 
			<include refid="billcoderColumns"/>
		FROM sys_billcoder a
		<include refid="billcoderJoins"/>
		<where> 
			<if test="no != null and no != ''">
				AND a.no LIKE 
					<if test="dbName == 'oracle'">'%'||#{no}||'%'</if>
					<if test="dbName == 'mssql'">'%'+#{no}+'%'</if>
					<if test="dbName == 'mysql'">concat('%',#{no},'%')</if>
			</if>
			<if test="name != null and name != ''">
				AND a.name LIKE 
					<if test="dbName == 'oracle'">'%'||#{name}||'%'</if>
					<if test="dbName == 'mssql'">'%'+#{name}+'%'</if>
					<if test="dbName == 'mysql'">concat('%',#{name},'%')</if>
			</if>
			<if test="expression != null and expression != ''">
				AND a.expression LIKE 
					<if test="dbName == 'oracle'">'%'||#{expression}||'%'</if>
					<if test="dbName == 'mssql'">'%'+#{expression}+'%'</if>
					<if test="dbName == 'mysql'">concat('%',#{expression},'%')</if>
			</if>
			<if test="isunique != null and isunique != ''">
				AND a.isunique = #{isunique}
			</if>
			<if test="beginLastFlowDate != null and endLastFlowDate != null and beginLastFlowDate != '' and endLastFlowDate != ''">
				AND a.last_flow_date BETWEEN #{beginLastFlowDate} AND #{endLastFlowDate}
			</if>
			<if test="increassment != null and increassment != ''">
				AND a.increassment = #{increassment}
			</if>
			<if test="currentFlowNo != null and currentFlowNo != ''">
				AND a.current_flow_no = #{currentFlowNo}
			</if>
			<if test="createBy != null and createBy.id != null and createBy.id != ''">
				AND a.create_by = #{createBy.id}
			</if>
			<if test="beginCreateDate != null and endCreateDate != null and beginCreateDate != '' and endCreateDate != ''">
				AND a.create_date BETWEEN #{beginCreateDate} AND #{endCreateDate}
			</if>
			<if test="updateBy != null and updateBy.id != null and updateBy.id != ''">
				AND a.update_by = #{updateBy.id}
			</if>
			<if test="beginUpdateDate != null and endUpdateDate != null and beginUpdateDate != '' and endUpdateDate != ''">
				AND a.update_date BETWEEN #{beginUpdateDate} AND #{endUpdateDate}
			</if>
			<if test="remarks != null and remarks != ''">
				AND a.remarks LIKE 
					<if test="dbName == 'oracle'">'%'||#{remarks}||'%'</if>
					<if test="dbName == 'mssql'">'%'+#{remarks}+'%'</if>
					<if test="dbName == 'mysql'">concat('%',#{remarks},'%')</if>
			</if>
			<if test="delFlag != null and delFlag != ''">
				AND a.del_flag = #{delFlag}
			</if>
		</where>
		<choose>
			<when test="page !=null and page.orderBy != null and page.orderBy != ''">
				ORDER BY ${page.orderBy}
			</when>
			<otherwise>
				ORDER BY a.update_date DESC
			</otherwise>
		</choose>
	</select>
	
	<select id="findAllList" resultType="Billcoder">
		SELECT 
			<include refid="billcoderColumns"/>
		FROM sys_billcoder a
		<include refid="billcoderJoins"/>
		<where>
			a.del_flag = #{DEL_FLAG_NORMAL}
		</where>		
		<choose>
			<when test="page !=null and page.orderBy != null and page.orderBy != ''">
				ORDER BY ${page.orderBy}
			</when>
			<otherwise>
				ORDER BY a.update_date DESC
			</otherwise>
		</choose>
	</select>
	
	<insert id="insert">
		INSERT INTO sys_billcoder(
			id,
			no,
			name,
			expression,
			isunique,
			last_flow_date,
			increassment,
			current_flow_no,
			create_by,
			create_date,
			update_by,
			update_date,
			remarks,
			del_flag
		) VALUES (
			#{id},
			#{no},
			#{name},
			#{expression},
			#{isunique},
			#{lastFlowDate},
			#{increassment},
			#{currentFlowNo},
			#{createBy.id},
			#{createDate},
			#{updateBy.id},
			#{updateDate},
			#{remarks},
			#{delFlag}
		)
	</insert>
	
	<update id="update">
		UPDATE sys_billcoder SET 	
			name = #{name},
			no = #{no},
			expression = #{expression},
			isunique = #{isunique},
			last_flow_date = #{lastFlowDate},
			increassment = #{increassment},
			current_flow_no = #{currentFlowNo},
			update_by = #{updateBy.id},
			update_date = #{updateDate},
			remarks = #{remarks}
		WHERE id = #{id}
	</update>
	
	<update id="delete">
		UPDATE sys_billcoder SET 
			del_flag = #{DEL_FLAG_DELETE}
		WHERE id = #{id}
	</update>
	
</mapper>